date,ann_mem_sold,daily_passes,miles,other_passes,total_ann_mem,total_miles,total_trips,trips
2014-10-01,112.0,330,44612,48,124846,23121175,13296973,31197
2014-10-02,113.0,602,60639,86,124959,23181814,13335259,38286
2014-10-03,65.0,1276,65739,107,125024,23247553,13374215,38956
2014-10-04,34.0,617,24254,26,125058,23271807,13389303,15088
2014-10-05,51.0,1470,48930,90,125109,23320737,13415550,26247
2014-10-06,94.0,710,56380,99,125203,23377117,13451201,35651
2014-10-07,59.0,593,58740,81,125262,23435857,13488132,36931
2014-10-08,92.0,667,60594,86,125354,23496451,13526002,37870
2014-10-09,53.0,709,57865,71,125407,23554316,13562429,36427
2014-10-10,57.0,905,54690,78,125464,23609006,13597119,34690
2014-10-11,23.0,528,23278,34,125487,23632284,13611924,14805
2014-10-12,42.0,2083,52781,80,125529,23685064,13638183,26259
2014-10-13,60.0,749,40275,60,125589,23725339,13663799,25616
2014-10-14,62.0,869,61691,101,125651,23787030,13700328,36529
2014-10-15,52.0,506,49319,82,125703,23836349,13732112,31784
2014-10-16,60.0,499,47808,61,125763,23884157,13761957,29845
2014-10-17,53.0,1180,64389,105,125816,23948545,13799716,37759
2014-10-18,49.0,1806,52554,63,125865,24001099,13827350,27634
2014-10-19,49.0,1000,35039,57,125914,24036139,13848367,21017
2014-10-20,54.0,514,48030,74,125968,24084168,13879295,30928
2014-10-21,40.0,539,53960,90,126008,24138128,13914005,34710
2014-10-22,29.0,110,13894,30,126037,24152022,13924407,10402
2014-10-23,25.0,74,20446,19,126062,24172468,13939293,14886
2014-10-24,24.0,722,51151,84,126086,24223619,13972315,33022
2014-10-25,31.0,2093,53881,83,126117,24277499,14000117,27802
2014-10-26,49.0,1220,41308,71,126166,24318808,14023194,23077
2014-10-27,63.0,519,49892,73,126229,24368754,14055122,31908
2014-10-28,166.0,628,56602,79,126395,24425356,14091551,36429
2014-10-29,65.0,466,48378,70,126460,24473733,14124495,32944
2014-10-30,27.0,557,52162,61,126487,24525895,14159153,34658
2014-10-31,16.0,653,46834,75,126503,24572729,14189940,30787
2014-11-01,11.0,98,8703,10,126514,24581432,14196679,6739
2014-11-02,13.0,480,23106,44,126527,24604538,14212409,15730
2014-11-03,30.0,568,45368,51,126557,24649906,14241999,29590
2014-11-04,22.0,665,54306,80,126579,24704213,14276611,34612
2014-11-05,32.0,513,52464,49,126611,24756677,14310375,33764
2014-11-06,16.0,98,18743,12,126627,24775420,14324257,13882
2014-11-07,20.0,416,40163,45,126647,24815583,14352310,28053
2014-11-08,12.0,878,31589,40,126659,24847172,14371682,19372
2014-11-09,16.0,952,34251,44,126675,24881423,14391907,20225
2014-11-10,25.0,607,46768,46,126700,24928191,14422523,30616
2014-11-11,19.0,599,49461,41,126719,24977651,14454835,32312
2014-11-12,28.0,325,45234,36,126747,25022886,14485665,30830
2014-11-13,23.0,252,32395,21,126770,25055281,14508463,22798
2014-11-14,13.0,242,33240,28,126783,25088520,14531915,23452
2014-11-15,14.0,522,23774,16,126797,25112295,14547318,15403
2014-11-16,14.0,319,20645,20,126811,25132940,14561862,14544
2014-11-17,12.0,25,11294,8,126823,25144234,14570806,8944
2014-11-18,11.0,78,23704,26,126834,25167938,14589242,18436
2014-11-19,13.0,102,24052,17,126847,25191989,14607453,18211
2014-11-20,11.0,160,30878,20,126858,25222867,14630135,22682
2014-11-21,7.0,131,25533,24,126865,25248400,14649717,19582
2014-11-22,10.0,345,20211,9,126875,25268611,14663555,13838
2014-11-23,11.0,628,27503,26,126886,25296114,14680567,17012
2014-11-24,8.0,374,37873,45,126894,25333986,14705574,25007
2014-11-25,10.0,365,39495,27,126904,25373481,14733463,27889
2014-11-26,4.0,14,4997,1,126908,25378478,14737527,4064
2014-11-27,3.0,74,5954,10,126911,25384432,14741858,4331
2014-11-28,7.0,209,12743,8,126918,25397175,14751015,9157
2014-11-29,6.0,235,12808,14,126924,25409983,14759989,8974
2014-11-30,13.0,449,21244,25,126937,25431227,14773601,13612
2014-12-01,19.0,281,29977,20,126956,25461204,14793999,20398
2014-12-02,14.0,45,22343,24,126970,25483547,14810960,16961
2014-12-03,8.0,65,23083,6,126978,25506630,14826038,15078
2014-12-04,8.0,191,33077,14,126986,25539707,14849480,23442
2014-12-05,6.0,153,23200,12,126992,25562908,14866769,17289
2014-12-06,12.0,59,5787,5,127004,25568695,14871256,4487
2014-12-07,8.0,254,16007,13,127012,25584702,14882660,11404
2014-12-08,12.0,60,21665,11,127024,25606367,14899675,17015
2014-12-09,7.0,18,9458,4,127031,25615825,14906997,7322
2014-12-10,5.0,23,14590,5,127036,25630415,14918473,11476
2014-12-11,5.0,144,27417,19,127041,25657832,14938313,19840
2014-12-12,5.0,151,25689,13,127046,25683521,14957706,19393
2014-12-13,4.0,324,21276,20,127050,25704797,14971466,13760
2014-12-14,8.0,326,19351,20,127058,25724148,14984721,13255
2014-12-15,7.0,186,29232,25,127065,25753380,15006027,21306
2014-12-16,10.0,119,25116,19,127075,25778496,15024680,18653
2014-12-17,10.0,186,30878,18,127085,25809373,15047030,22350
2014-12-18,8.0,119,27451,14,127093,25836824,15067709,20679
2014-12-19,11.0,158,24828,14,127104,25861652,15086405,18696
2014-12-20,12.0,145,13747,7,127116,25875399,15097033,10628
2014-12-21,10.0,170,12740,9,127126,25888139,15106615,9582
2014-12-22,12.0,156,20321,17,127138,25908460,15121464,14849
2014-12-23,8.0,68,13946,9,127146,25922406,15131869,10405
2014-12-24,9.0,36,6183,7,127155,25928589,15136585,4716
2014-12-25,10.0,456,11023,41,127165,25939612,15141939,5354
2014-12-26,18.0,464,17715,63,127183,25957327,15152714,10775
2014-12-27,13.0,741,21130,58,127196,25978457,15163842,11128
2014-12-28,26.0,326,12978,23,127222,25991435,15172561,8719
2014-12-29,22.0,363,22499,37,127244,26013934,15187324,14763
2014-12-30,14.0,214,18112,31,127258,26032046,15200601,13277
2014-12-31,11.0,216,14560,12,127269,26046606,15211051,10450
2015-01-01,,267,9191,11,127279,26055797,15216843,5792
2015-01-02,,298,18222,8,127293,26074019,15229214,12371
2015-01-03,,96,6282,7,127300,26080301,15234048,4834
2015-01-04,,152,11700,5,127308,26092001,15242557,8509
2015-01-05,,88,20022,12,127336,26112023,15258349,15792
2015-01-06,,2,12003,1,127354,26124026,15267832,9483
2015-01-07,,5,12791,1,127363,26136817,15278517,10685
2015-01-08,,18,11667,0,127372,26148484,15288294,9777
2015-01-09,,16,11093,2,127376,26159577,15296925,8631
2015-01-10,,51,8189,3,127383,26167766,15303751,6826
2015-01-11,,68,10199,8,127395,26177965,15311955,8204
2015-01-12,,27,11589,2,127408,26189554,15321396,9441
2015-01-13,,23,17429,10,127418,26206983,15335530,14134
2015-01-14,,43,18105,7,127427,26225088,15349926,14396
2015-01-15,,64,19803,8,127434,26244891,15365389,15463
2015-01-16,,94,19084,14,127441,26263975,15380448,15059
2015-01-17,,152,10818,3,127453,26274793,15388691,8243
2015-01-18,,12,2435,0,127461,26277228,15390729,2038
2015-01-19,,124,15733,11,127470,26292961,15402642,11913
2015-01-20,,93,22740,9,127502,26315701,15420257,17615
2015-01-21,,67,21228,16,127520,26336929,15436991,16734
2015-01-22,,74,22630,9,127530,26359559,15454426,17435
2015-01-23,,95,22248,14,127545,26381807,15471506,17080
2015-01-24,,41,6723,2,127552,26388530,15476781,5275
2015-01-25,,202,14421,4,127559,26402951,15487016,10235
2015-01-26,,15,5979,0,127566,26408930,15491553,4537
2015-01-27,,36,2343,1,127569,26411273,15492958,1405
2015-01-28,,12,9907,2,127575,26421180,15499181,6223
2015-01-29,,31,14171,3,127586,26435351,15509026,9845
2015-01-30,,21,12945,6,127595,26448296,15518969,9943
2015-01-31,,38,7328,2,127596,26455624,15524721,5752
2015-02-01,,72,9186,8,127608,26464810,15531935,7214
2015-02-02,,6,2635,0,127608,26467445,15533621,1686
2015-02-03,,5,7816,1,127612,26475261,15539064,5443
2015-02-04,,27,13775,1,127624,26489036,15548918,9854
2015-02-05,,13,12607,1,127630,26501643,15558895,9977
2015-02-06,,26,11948,4,127635,26513591,15568229,9334
2015-02-07,,83,10045,7,127640,26523636,15575575,7346
2015-02-08,,65,9671,7,127642,26533307,15582755,7180
2015-02-09,,10,7234,3,127646,26540541,15588472,5717
2015-02-10,,36,14526,5,127652,26555067,15599761,11289
2015-02-11,,46,16204,12,127657,26571271,15612214,12453
2015-02-12,,45,16248,4,127667,26587519,15624865,12651
2015-02-13,,28,10773,2,127674,26598292,15633460,8595
2015-02-14,,54,6392,2,127678,26604684,15638584,5124
2015-02-15,,12,3289,0,127681,26607973,15641421,2837
2015-02-16,,19,5423,2,127682,26613396,15645921,4500
2015-02-17,,14,6869,2,127683,26620265,15651210,5289
2015-02-18,,35,12995,6,127693,26633260,15661211,10001
2015-02-19,,14,10080,0,127696,26643340,15669696,8485
2015-02-20,,14,8056,3,127700,26651396,15676521,6825
2015-02-21,,24,4164,5,127701,26655560,15679974,3453
2015-02-22,,55,6648,4,127706,26662208,15684628,4654
2015-02-23,,11,10519,8,127714,26672727,15692971,8343
2015-02-24,,12,10675,1,127729,26683402,15701454,8483
2015-02-25,,49,15655,5,127739,26699057,15713511,12057
2015-02-26,,26,14744,7,127747,26713801,15724558,11047
2015-02-27,,57,14313,10,127753,26728114,15735419,10861
2015-02-28,,71,8975,3,127754,26737089,15742255,6836
2015-03-01,,37,4042,4,127763,26741131,15745424,3169
2015-03-02,,27,10767,3,127770,26751898,15753443,8019
2015-03-03,,18,9430,2,127775,26761328,15760621,7178
2015-03-04,,28,10842,4,127779,26772170,15768886,8265
2015-03-05,,4,2604,0,127784,26774774,15770707,1821
2015-03-06,,19,8248,6,127792,26783022,15776660,5953
2015-03-07,,96,8849,9,127799,26791871,15782915,6255
2015-03-08,,245,13701,16,127819,26805572,15791626,8711
2015-03-09,,218,24159,24,127852,26829731,15807991,16365
2015-03-10,,126,17626,17,127886,26847357,15821071,13080
2015-03-11,,386,33446,29,127936,26880803,15842799,21728
2015-03-12,,195,26931,22,127977,26907734,15862045,19246
2015-03-13,,239,24699,27,128023,26932433,15879895,17850
2015-03-14,,60,5592,5,128041,26938025,15884197,4302
2015-03-15,,260,13635,31,128071,26951660,15893873,9676
2015-03-16,,273,26091,35,128108,26977751,15912349,18476
2015-03-17,,178,22462,21,128143,27000213,15928636,16287
2015-03-18,,110,11465,15,128169,27011678,15943686,15050
2015-03-19,,150,16176,14,128191,27027854,15960385,16699
2015-03-20,,58,11465,6,128204,27039319,15969171,8786
2015-03-21,,367,16176,23,128216,27055495,15979407,10236
2015-03-22,,381,16098,10,128249,27071593,15990045,10638
2015-03-23,,111,18957,25,128287,27090550,16004714,14669
2015-03-24,,168,23581,34,128313,27114131,16022246,17532
2015-03-25,,136,21456,22,128347,27135587,16038097,15851
2015-03-26,,125,22876,25,128385,27158463,16054290,16193
2015-03-27,,188,21520,19,128417,27179983,16069723,15433
2015-03-28,,10,1562,2,128431,27181545,16070978,1255
2015-03-29,,473,17373,27,128485,27198918,16081563,10585
2015-03-30,,244,26828,53,128527,27225746,16100813,19250
2015-03-31,,122,20532,38,128576,27246278,16116012,15199
2015-04-01,,325,31708,34,128629,27277986,16137578,21566
2015-04-02,,864,43134,65,128698,27321120,16163924,26346
2015-04-03,,365,23643,27,128735,27344763,16179902,15978
2015-04-04,,1029,27764,46,128783,27372527,16195440,15538
2015-04-05,,1208,29709,52,128846,27402236,16210402,14962
2015-04-06,,1065,43529,73,128940,27445765,16235904,25502
2015-04-07,,270,24209,33,129003,27469974,16253544,17640
2015-04-08,,276,26004,30,129047,27495978,16272767,19223
2015-04-09,,163,23891,20,129081,27519869,16290490,17723
2015-04-10,,289,25628,37,129124,27545497,16308138,17648
2015-04-11,,1600,39786,59,129193,27585283,16328589,20451
2015-04-12,,1951,46764,87,129273,27632047,16350440,21851
2015-04-13,,603,43753,73,129377,27675800,16377420,26980
2015-04-14,,334,36555,53,129451,27712355,16401872,24452
2015-04-15,,733,49727,84,129541,27762082,16432056,30184
2015-04-16,,617,45915,57,129639,27807997,16461329,29273
2015-04-17,,671,42203,81,129717,27850200,16487493,26164
2015-04-18,,3685,71371,138,129802,27921571,16518517,31024
2015-04-19,,1851,46416,103,129901,27967987,16541961,23444
2015-04-20,,96,16377,23,129974,27984364,16554041,12080
2015-04-21,,608,43508,88,130039,28027872,16581098,27057
2015-04-22,,374,35999,51,130109,28063871,16604991,23893
2015-04-23,,311,34259,61,130168,28098130,16628877,23886
2015-04-24,,421,32678,37,130211,28130808,16651482,22605
2015-04-25,,2095,46054,85,130293,28176862,16674445,22963
2015-04-26,,1999,48664,128,130378,28225526,16698053,23608
2015-04-27,,609,43197,99,130486,28268723,16725710,27657
2015-04-28,,893,54129,98,130575,28322852,16758191,32481
2015-04-29,,1087,59166,150,130671,28382018,16792618,34427
2015-04-30,,785,51077,102,130745,28433095,16824374,31756
2015-05-01,,917,48736,106,130840,28481831,16854719,30345
2015-05-02,,2799,60188,138,130899,28542019,16883014,28295
2015-05-03,,3361,69728,154,130992,28611747,16913460,30446
2015-05-04,,1397,63531,191,131145,28675278,16948575,35115
2015-05-05,,987,60088,145,131284,28735366,16984565,35990
2015-05-06,,712,50987,90,131366,28786353,17017353,32788
2015-05-07,,1271,64189,133,131496,28850542,17055115,37762
2015-05-08,,1596,64255,170,131607,28914797,17092321,37206
2015-05-09,,2077,51941,158,131677,28966738,17119134,26813
2015-05-10,,2444,62364,189,131752,29029102,17148096,28962
2015-05-11,,1084,57873,198,131884,29086975,17183164,35068
2015-05-12,,1103,62939,179,131979,29149914,17221350,38186
2015-05-13,,891,57091,119,132074,29207005,17257512,36162
2015-05-14,,4927,80286,82,132158,29287291,17301941,44429
2015-05-15,,1665,64660,181,132225,29351951,17339628,37687
2015-05-16,,2392,50862,155,132293,29402813,17365770,26142
2015-05-17,,3499,73458,189,132357,29476271,17399776,34006
2015-05-18,,1031,53794,129,132470,29530065,17433303,33527
2015-05-19,,943,58026,177,132561,29588091,17469575,36272
2015-05-20,,923,57290,100,132643,29645381,17505595,36020
2015-05-21,,746,50277,105,132711,29695658,17538671,33076
2015-05-22,,1356,58351,150,132765,29754009,17572569,33898
2015-05-23,,2967,56999,166,132798,29811008,17598554,25985
2015-05-24,,3689,66211,156,132839,29877219,17625954,27400
2015-05-25,,3392,69099,221,132914,29946318,17656590,30636
2015-05-26,,1202,64504,188,133006,30010822,17694872,38282
2015-05-27,,879,57511,124,133080,30068333,17730824,35952
2015-05-28,,1014,61662,144,133153,30129995,17769115,38291
2015-05-29,,1648,69343,134,133217,30199338,17809294,40179
2015-05-30,,3082,69481,192,133265,30268819,17842797,33503
2015-05-31,,1606,40580,105,133339,30309399,17863993,21196
2015-06-01,,162,20369,41,133401,30329768,17880072,16079
2015-06-02,,75,15730,35,133453,30345498,17892778,12706
2015-06-03,,1129,58749,143,133535,30404247,17929123,36345
2015-06-04,,806,52792,147,133598,30457039,17963513,34390
2015-06-05,,959,51079,117,133641,30508118,17996374,32861
2015-06-06,,2457,55613,144,133687,30563731,18024284,27910
2015-06-07,,3295,71994,169,133752,30635725,18057165,32881
2015-06-08,,1045,58140,168,133832,30693865,18092618,35453
2015-06-09,,889,59489,140,133896,30753354,18129940,37322
2015-06-10,,1223,69035,140,133964,30822389,18171326,41386
2015-06-11,,1060,62993,137,134041,30885382,18210409,39083
2015-06-12,,1374,60933,131,134109,30946315,18247210,36801
2015-06-13,,3045,67103,168,134156,31013418,18278982,31772
2015-06-14,,2633,62977,192,134220,31076395,18308811,29829
2015-06-15,,575,38705,122,134279,31115100,18335344,26533
2015-06-16,,798,52864,151,134345,31167964,18369176,33832
2015-06-17,,1145,65208,160,134414,31233172,18409185,40009
2015-06-18,,792,56562,144,134468,31289734,18446511,37326
2015-06-19,,1543,66914,143,134516,31356648,18485861,39350
2015-06-20,,1747,45872,125,134548,31402520,18510798,24937
2015-06-21,,2295,55513,140,134602,31458033,18538284,27486
2015-06-22,,1282,66659,202,134676,31524692,18578042,39758
2015-06-23,,824,52805,147,134743,31577497,18612224,34182
2015-06-24,,1270,73125,189,134818,31650622,18655708,43484
2015-06-25,,1166,68362,135,134859,31718984,18697326,41618
2015-06-26,,1579,68529,182,134908,31787513,18737925,40599
2015-06-27,,1143,28233,65,134935,31815746,18754196,16271
2015-06-28,,1610,42273,101,134975,31858019,18775784,21588
2015-06-29,,1452,69309,196,135065,31927328,18815569,39785
2015-06-30,,1220,65564,156,135136,31992892,18855408,39839
2015-07-01,,1251,64472,142,135204,32057364,18894427,39019
2015-07-02,,1411,62434,175,135247,32119798,18931389,36962
2015-07-03,,2818,58884,173,135294,32178682,18959210,27821
2015-07-04,,3036,53110,130,135326,32231792,18981557,22347
2015-07-05,,2829,61185,180,135384,32292977,19008265,26708
2015-07-06,,1287,62539,224,135470,32355516,19044439,36174
2015-07-07,,1071,63163,200,135548,32418679,19082369,37930
2015-07-08,,823,57751,139,135594,32476430,19118269,35900
2015-07-09,,900,52402,122,135646,32528832,19151003,32734
2015-07-10,,1724,71490,143,135704,32600322,19190690,39687
2015-07-11,,3190,69705,178,135755,32670027,19223310,32620
2015-07-12,,2875,68158,166,135809,32738185,19255163,31853
2015-07-13,,1273,67998,238,135890,32806250,19294749,39586
2015-07-14,,754,58900,145,135966,32865150,19331420,36671
2015-07-15,,873,57781,111,136023,32922931,19367275,35855
2015-07-16,,1676,76535,197,136092,32999466,19410577,43302
2015-07-17,,1815,73884,161,136144,33073350,19451359,40782
2015-07-18,,2800,61739,165,136188,33135089,19480978,29619
2015-07-19,,2709,61512,169,136244,33196601,19510310,29332
2015-07-20,,1052,59568,205,136315,33256169,19546270,35960
2015-07-21,,1234,66191,170,136379,33322360,19585827,39557
2015-07-22,,1363,75758,179,136460,33398118,19629429,43602
2015-07-23,,1404,75512,166,136528,33473630,19672748,43319
2015-07-24,,1778,72841,174,136594,33546471,19713949,41201
2015-07-25,,3535,73133,148,136655,33619604,19746407,32458
2015-07-26,,2889,66278,171,136721,33685882,19777732,31325
2015-07-27,,1232,67841,230,136818,33753723,19817334,39602
2015-07-28,,1245,69131,181,136901,33822854,19858655,41321
2015-07-29,,1085,66299,153,136979,33889153,19898922,40267
2015-07-30,,785,50297,108,137044,33939450,19930800,31878
2015-07-31,,1723,69897,177,137109,34009347,19970160,39360
2015-08-01,,4286,84287,234,137654,34093634,20006248,36088
2015-08-02,,3189,72633,204,137738,34166267,20038730,32482
2015-08-03,,1400,69232,230,137833,34235499,20078642,39912
2015-08-04,,1393,71146,168,137913,34306645,20120314,41672
2015-08-05,,1357,71111,160,138024,34377756,20162463,42149
2015-08-06,,1498,74669,170,138142,34452425,20205918,43455
2015-08-07,,1862,74844,154,138224,34527269,20247885,41967
2015-08-08,,5101,95931,205,138366,34623200,20287751,39866
2015-08-09,,3425,78144,177,138455,34701344,20321405,33654
2015-08-10,,1518,74754,228,138644,34776575,20362123,40718
2015-08-11,,622,42534,107,138756,34819109,20387815,25692
2015-08-12,,1458,80366,196,138895,34899475,20431960,44145
2015-08-13,,1479,78784,155,139042,34978259,20475134,43174
2015-08-14,,1778,72319,195,139172,35050578,20516037,40903
2015-08-15,,4773,92390,226,139377,35142968,20554814,38777
2015-08-16,,2720,65629,179,139514,35208597,20585151,30337
2015-08-17,,1285,64425,180,139712,35273022,20622597,37446
2015-08-18,,1163,67805,158,139882,35340827,20662510,39913
2015-08-19,,1266,69834,151,140076,35410661,20703231,40721
2015-08-20,,1275,66772,140,140222,35477433,20742506,39275
2015-08-21,,1572,66202,160,140392,35543635,20780539,38033
2015-08-22,,3632,77058,190,140516,35620693,20814808,34269
2015-08-23,,2960,71456,178,140725,35692149,20847867,33059
2015-08-24,,1253,68193,182,140971,35760342,20886543,38676
2015-08-25,,1224,71734,178,141218,35832076,20927595,41052
2015-08-26,,1247,73578,159,141423,35905654,20969968,42373
2015-08-27,,1333,74735,161,141674,35980389,21012769,42801
2015-08-28,,1774,74240,160,141943,36054629,21054187,41418
2015-08-29,,3470,74840,197,142169,36129469,21088240,34053
2015-08-30,,2902,68990,189,142496,36198459,21120821,32581
2015-08-31,,1197,67836,194,143057,36266295,21160864,40043
2015-09-01,,1199,72939,185,143239,36339234,21203933,43069
2015-09-02,,1244,72983,162,143424,36412217,21246937,43004
2015-09-03,,1251,71265,193,143581,36483482,21289399,42462
2015-09-04,,1843,70681,211,143722,36554163,21328971,39572
2015-09-05,,4271,77956,228,143854,36632119,21362640,33669
2015-09-06,,4571,82123,200,143962,36714242,21395515,32875
2015-09-07,,3501,75257,155,144160,36789499,21428795,33280
2015-09-08,,1138,71591,208,144402,36861090,21471139,42344
2015-09-09,,1041,71173,175,144617,36932263,21514667,43528
2015-09-10,,416,31862,77,144769,36964125,21536690,22023
2015-09-11,,1929,86598,207,144950,37050723,21583896,47206
2015-09-12,,2620,68420,192,145145,37119143,21617178,33282
2015-09-13,,2814,72749,215,145406,37191892,21651486,34308
2015-09-14,,1751,83150,240,145619,37276407,21696523,44367
2015-09-15,,1533,88238,227,145951,37364645,21744925,48402
2015-09-16,,1424,91197,199,146279,37455842,21795705,50780
2015-09-17,,1508,91433,206,146611,37547275,21845980,50275
2015-09-18,,2090,95186,226,146874,37642461,21895926,49946
2015-09-19,,4256,98568,184,147199,37741029,21938579,42653
2015-09-20,,3598,90483,234,147602,37831512,21978678,40099
2015-09-21,,1290,85002,249,147960,37916514,22025856,47178
2015-09-22,,1080,84251,191,148254,38000765,22074520,48664
2015-09-23,,1568,88117,218,148522,38088882,22122695,48175
2015-09-24,,1766,96872,204,148809,38185754,22175401,52706
2015-09-25,,2059,95467,193,149055,38281221,22226768,51367
2015-09-26,,3769,93740,219,149309,38374961,22269327,42559
2015-09-27,,2940,82841,151,149566,38457802,22307605,38278
2015-09-28,,1505,90180,223,149886,38547982,22355614,48009
2015-09-29,,1284,87702,173,150277,38635684,22404342,48728
2015-09-30,,744,65081,77,150811,38700765,22443792,39450
2015-10-01,,804,55662,92,150933,38756427,21391023,34719
2015-10-02,,65,12111,4,150976,38768538,21400467,9444
2015-10-03,,489,25241,64,151027,38793779,21417031,16564
2015-10-04,,2005,59317,127,151167,38853096,21447245,30214
2015-10-05,,1193,78665,176,151361,38931761,21491826,44581
2015-10-06,,1328,89905,167,151461,39021666,21541546,49720
2015-10-07,,1211,89586,172,151579,39111252,21591687,50141
2015-10-08,,1436,88959,180,151968,39200211,21641866,50179
2015-10-09,,1302,65046,97,152132,39265257,21679149,37283
2015-10-10,,3864,87575,206,152260,39352832,21718497,39348
2015-10-11,,4004,92607,171,152421,39445439,21757464,38967
2015-10-12,,2452,102884,189,153049,39548323,21803048,45584
2015-10-13,,1235,101421,151,153382,39649744,21852095,49047
2015-10-14,,1069,99751,150,153619,39749495,21902095,50000
2015-10-15,,1318,96975,155,153784,39846470,21950878,48783
2015-10-16,,1522,93266,118,153866,39939736,21997364,46486
2015-10-17,,2239,70864,120,154026,40010600,22029175,31811
2015-10-18,,1141,49590,75,154092,40060190,22053153,23978
2015-10-19,,661,66941,116,154422,40127131,22089723,36570
2015-10-20,,1093,89988,147,154499,40217119,22135100,45377
2015-10-21,,1339,100309,162,154626,40317428,22184221,49121
2015-10-22,,1342,100026,177,154799,40417454,22233825,49604
2015-10-23,,1429,90710,123,154935,40508164,22278506,44681
2015-10-24,,2254,71472,101,155028,40579636,22310219,31713
2015-10-25,,1761,62798,90,155118,40642434,22339508,29289
2015-10-26,,1039,81381,154,155296,40723815,22381674,42166
2015-10-27,,866,83174,86,155445,40806989,22426227,44553
2015-10-28,,128,34040,25,155572,40841029,22446963,20736
2015-10-29,,1179,90367,167,155697,40931396,22492322,45359
2015-10-30,,1558,90284,154,155873,41021680,22536843,44521
2015-10-31,,2206,70082,145,156005,41091762,22568602,31759
2015-11-01,,2090,66939,111,156096,41158701,22599224,30622
2015-11-02,,1316,89099,190,156208,41247800,22643758,44534
2015-11-03,,1567,100760,166,156301,41348560,22693084,49326
2015-11-04,,1217,99144,139,156400,41447704,22742571,49487
2015-11-05,,849,81276,108,156499,41528980,22785577,43006
2015-11-06,,1571,95321,122,156561,41624301,22832739,47162
2015-11-07,,2643,79866,149,156647,41704167,22868325,35586
2015-11-08,,2361,73329,99,156743,41777496,22900643,32318
2015-11-09,,899,78410,102,156820,41855906,22942905,42262
2015-11-10,,120,34847,42,156963,41890753,22964490,21585
2015-11-11,,712,68696,95,157038,41959449,23002195,37705
2015-11-12,,430,64556,61,157143,42024005,23039514,37319
2015-11-13,,892,70190,78,157226,42094195,23078484,38970
2015-11-14,,1349,50403,72,157296,42144598,23103784,25300
2015-11-15,,1497,54736,78,157392,42199334,23129775,25991
2015-11-16,,833,78389,105,157491,42277723,23170691,40916
2015-11-17,,488,68151,66,157570,42345874,23209630,38939
2015-11-18,,498,73030,82,157628,42418904,23251116,41486
2015-11-19,,167,36884,37,157666,42455788,23273006,21890
2015-11-20,,890,71192,73,157702,42526980,23311211,38205
2015-11-21,,1572,56288,65,157731,42583268,23339249,28038
2015-11-22,,905,44743,39,157781,42628011,23362593,23344
2015-11-23,,382,51812,43,157830,42679823,23392729,30136
2015-11-24,,392,53981,43,157870,42733804,23424947,32218
2015-11-25,,636,55504,54,157893,42789308,23455242,30295
2015-11-26,,1436,35956,61,157907,42825264,23468533,13291
2015-11-27,,1859,51342,78,157929,42876606,23491362,22829
2015-11-28,,1061,32196,45,157952,42908802,23507194,15832
2015-11-29,,888,36854,45,157997,42945656,23525647,18453
2015-11-30,,346,52674,62,158047,42998330,23555868,30221
2015-12-01,,61,29273,22,158067,43027603,23574267,18399
2015-12-02,,138,39484,29,158096,43067087,23598049,23782
2015-12-03,,348,59184,42,158130,43126271,23631966,33917
2015-12-04,,549,61717,60,158157,43187988,23666703,34737
2015-12-05,,1638,56227,66,158183,43244215,23693058,26355
2015-12-06,,1321,52485,53,158214,43296700,23718000,24942
2015-12-07,,554,60929,84,158251,43357629,23752139,34139
2015-12-08,,411,59619,69,158284,43417248,23787753,35614
2015-12-09,,355,59954,33,158317,43477202,23823058,35305
2015-12-10,,638,69925,67,158357,43547127,23862157,39099
2015-12-11,,822,72153,63,158388,43619280,23901216,39059
2015-12-12,,2192,68858,51,158427,43688138,23933172,31956
2015-12-13,,2470,72863,68,158468,43761001,23965173,32001
2015-12-14,,606,57195,56,158529,43818196,23997691,32518
2015-12-15,,606,67753,54,158572,43885949,24036351,38660
2015-12-16,,436,61011,50,158617,43946960,24071994,35643
2015-12-17,,120,35033,26,158643,43981993,24093954,21960
2015-12-18,,384,51270,38,158671,44033263,24124653,30699
2015-12-19,,527,30995,31,158692,44064258,24142429,17776
2015-12-20,,604,30624,36,158732,44094882,24159458,17029
2015-12-21,,494,54373,29,158772,44149255,24189258,29800
2015-12-22,,274,39410,26,158793,44188665,24212199,22941
2015-12-23,,172,28228,19,158825,44216893,24227016,14817
2015-12-24,,660,35231,64,158844,44252124,24245461,18445
2015-12-25,,2171,37829,84,158883,44289953,24257792,12331
2015-12-26,,1021,30690,96,158933,44320643,24271704,13912
2015-12-27,,1064,30096,83,158993,44350739,24284880,13176
2015-12-28,,756,39889,69,159046,44390628,24303769,18889
2015-12-29,,211,24451,36,159081,44415079,24317116,13347
2015-12-30,,888,43736,57,159148,44458815,24339592,22476
2015-12-31,,1072,40032,54,159215,44498847,24359967,20375
2016-01-01,,919,24429,51,159362,44606414,24371025,11009
2016-01-02,,877,29093,34,159403,44635507,24385612,14587
2016-01-03,,784,29616,27,159459,44665123,24401111,15499
2016-01-04,,166,36172,33,159502,44701295,24420704,19593
2016-01-05,,121,32049,22,159534,44733344,24438757,18053
2016-01-06,,265,40996,27,159564,44774340,24463326,24569
2016-01-07,,318,45986,24,159588,44820326,24491099,27773
2016-01-08,,364,47061,28,159621,44867387,24519808,28709
2016-01-09,,632,37341,20,159654,44904728,24540654,20846
2016-01-10,,391,25404,18,159682,44930132,24554929,14275
2016-01-11,,155,37393,32,159731,44967525,24577866,22937
2016-01-12,,151,38958,23,159761,45006483,24603077,25211
2016-01-13,,82,31608,15,159792,45038091,24624210,21133
2016-01-14,,123,37295,29,159813,45075386,24647990,23780
2016-01-15,,379,45993,27,159841,45121379,24676425,28435
2016-01-16,,803,35791,37,159885,45157170,24695603,19178
2016-01-17,,387,20487,22,159910,45177657,24707627,12024
2016-01-18,,123,19998,13,159931,45197655,24720345,12718
2016-01-19,,64,26966,12,159957,45224621,24737626,17281
2016-01-20,,126,35477,11,159972,45260098,24761045,23419
2016-01-21,,133,36048,15,159991,45296146,24784716,23671
2016-01-22,,115,31344,6,160004,45327490,24805666,20950
2016-01-23,,0,0,0,160005,45327490,24805666,0
2016-01-24,,0,0,0,160013,45327490,24805666,0
2016-01-25,,0,0,0,160020,45327490,24805666,0
2016-01-26,,0,0,0,160028,45327490,24805666,0
2016-01-27,,54,13698,6,160039,45341188,24812426,6760
2016-01-28,,81,22314,9,160053,45363502,24824370,11944
2016-01-29,,118,26896,27,160064,45390398,24840398,16028
2016-01-30,,328,23350,23,160084,45413748,24853362,12964
2016-01-31,,533,31280,17,160118,45445028,24869474,16112
2016-02-01,,202,42380,31,160160,45487408,24893808,24334
2016-02-02,,280,47742,31,160189,45535150,24922335,28527
2016-02-03,,63,24225,12,160216,45559375,24938538,16203
2016-02-04,,304,47458,24,160247,45606833,24966303,27765
2016-02-05,,102,25538,7,160257,45632371,24979972,13669
2016-02-06,,586,38782,35,160280,45671153,24996905,16933
2016-02-07,,622,31524,30,160316,45702677,25014510,17605
2016-02-08,,80,28648,20,160335,45731325,25033536,19026
2016-02-09,,156,40198,9,160364,45771523,25056276,22740
2016-02-10,,130,38402,17,160395,45809925,25078694,22418
2016-02-11,,87,27783,15,160425,45837708,25097441,18747
2016-02-12,,104,27143,16,160450,45864851,25113886,16445
2016-02-13,,46,11589,4,160459,45876440,25120511,6625
2016-02-14,,78,6934,4,160468,45883374,25125163,4652
2016-02-15,,43,8747,1,160480,45892121,25131046,5883
2016-02-16,,53,27802,19,160505,45919923,25145271,14225
2016-02-17,,182,38304,26,160528,45958227,25168843,23572
2016-02-18,,202,34431,26,160550,45992658,25191104,22261
2016-02-19,,268,35317,17,160568,46027975,25213063,21959
2016-02-20,,1710,53540,50,160618,46081515,25237547,24484
2016-02-21,,1228,41645,29,160685,46123160,25257599,20052
2016-02-22,,455,48237,37,160749,46171397,25285832,28233
2016-02-23,,62,26379,10,160784,46197776,25301965,16133
2016-02-24,,38,14994,3,160814,46212770,25311726,9761
2016-02-25,,237,42707,23,160849,46255477,25336828,25102
2016-02-26,,254,36101,19,160887,46291578,25359402,22574
2016-02-27,,706,37583,18,160910,46329161,25376628,17226
2016-02-28,,2335,61595,43,160982,46390756,25402068,25440
2016-02-29,,376,47933,58,161089,46438689,25430025,27957
2016-03-01,,470,55160,66,161146,46493849,25460534,30509
2016-03-02,,235,43535,35,161198,46537384,25486729,26195
2016-03-03,,215,37848,22,161243,46575232,25510790,24061
2016-03-04,,150,29100,16,161268,46604332,25528159,17369
2016-03-05,,785,36875,46,161310,46641207,25546182,18023
2016-03-06,,837,36377,40,161379,46677584,25565014,18832
2016-03-07,,633,56232,58,161493,46733816,25596506,31492
2016-03-08,,723,67958,98,161604,46801774,25633027,36521
2016-03-09,,1226,81662,125,161732,46883436,25674516,41489
2016-03-10,,1271,82079,111,161867,46965515,25716768,42252
2016-03-11,,1266,76636,79,161987,47042151,25754961,38193
2016-03-12,,3247,81491,105,162086,47123642,25787731,32770
2016-03-13,,2216,63214,67,162214,47186856,25815280,27549
2016-03-14,,70,16498,17,162289,47203354,25826210,10930
2016-03-15,,582,57722,79,162380,47261076,25857805,31595
2016-03-16,,930,68713,78,162482,47329789,25893872,36067
2016-03-17,,785,65353,98,162583,47395142,25929262,35390
2016-03-18,,933,69122,87,162670,47464264,25963909,34647
2016-03-19,,1411,49113,69,162733,47513377,25987957,24048
2016-03-20,,633,29737,40,162795,47543114,26004633,16676
2016-03-21,,428,44457,57,162890,47587571,26031047,26414
2016-03-22,,705,62248,99,163000,47649819,26064543,33496
2016-03-23,,1279,80289,120,163136,47730108,26105524,40981
2016-03-24,,1045,67590,101,163216,47797698,26142019,36495
2016-03-25,,1684,70525,128,163320,47868223,26176110,34091
2016-03-26,,2834,67267,108,163407,47935490,26203584,27474
2016-03-27,,2080,52462,67,163501,47987952,26226065,22481
2016-03-28,,375,35548,60,163589,48023500,26246409,20344
2016-03-29,,588,55067,97,163681,48078567,26277890,31481
2016-03-30,,769,61264,64,163770,48139831,26311564,33674
2016-03-31,,1141,79447,91,163865,48219278,26349756,38192
2016-04-01,,1113,67595,82,163963,48286873,26384204,34448
2016-04-02,,1193,46206,63,164031,48333079,26406042,21838
2016-04-03,,448,28615,31,164102,48361694,26421363,15321
2016-04-04,,49,20143,19,164167,48381837,26433665,12302
2016-04-05,,341,43723,56,164237,48425560,26459901,26236
2016-04-06,,443,48901,37,164310,48474461,26489265,29364
2016-04-07,,280,54591,65,164366,48529052,26519665,30400
2016-04-08,,542,53039,51,164425,48582091,26550476,30811
2016-04-09,,346,21151,21,164455,48603242,26563174,12698
2016-04-10,,1508,49190,48,164536,48652432,26586402,23228
2016-04-11,,668,59206,82,164632,48711638,26618450,32048
2016-04-12,,316,43504,50,164703,48755142,26642215,23765
2016-04-13,,761,71788,106,164790,48826930,26679753,37538
2016-04-14,,963,88278,93,164885,48915208,26718255,38502
2016-04-15,,1273,86981,118,164996,49002189,26757931,39676
2016-04-16,,3726,102228,141,165139,49104417,26794079,36148
2016-04-17,,4348,115805,190,165354,49220222,26832917,38838
2016-04-18,,1595,102730,197,165576,49322952,26876906,43989
2016-04-19,,1130,107515,184,165812,49430467,26922981,46075
2016-04-20,,1160,104249,116,166002,49534716,26967523,44542
2016-04-21,,1307,104484,149,166153,49639200,27013091,45568
2016-04-22,,4230,113556,105,166319,49752756,27061897,48806
2016-04-23,,3309,96274,155,166462,49849030,27095528,33631
2016-04-24,,4026,115132,177,166692,49964162,27133390,37862
2016-04-25,,1698,100925,170,166902,50065087,27175693,42303
2016-04-26,,741,75454,97,167048,50140541,27210332,34639
2016-04-27,,1395,93272,110,167196,50233813,27252263,41931
2016-04-28,,927,74857,95,167311,50308670,27289691,37428
2016-04-29,,1051,78020,122,167439,50386690,27324569,34878
2016-04-30,,4244,110776,165,167638,50497466,27362827,38258
2016-05-01,,260,29020,24,167721,50526486,27373524,10697
2016-05-02,,967,84418,152,167842,50610904,27412060,38536
2016-05-03,,350,57652,45,167987,50668556,27434918,22858
2016-05-04,,449,67962,84,168111,50736518,27466537,31619
2016-05-05,,970,80750,107,168262,50817268,27506440,39903
2016-05-06,,275,42069,45,168326,50859337,27525300,18860
2016-05-07,,2293,78977,133,168427,50938314,27556378,31078
2016-05-08,,2773,84464,157,168582,51022778,27587575,31197
2016-05-09,,1389,103071,195,168779,51125849,27633299,45724
2016-05-10,,876,89755,133,168979,51215604,27678148,44849
2016-05-11,,1531,106139,147,169209,51321743,27729329,51181
2016-05-12,,1971,115823,169,169407,51437566,27781602,52273
2016-05-13,,855,68317,92,169570,51505883,27813993,32391
2016-05-14,,4186,108807,212,169769,51614690,27856056,42063
2016-05-15,,1865,64857,116,169933,51679547,27884718,28662
2016-05-16,,1362,94791,186,170102,51774338,27927505,42787
2016-05-17,,1012,80744,154,170276,51855082,27970901,43396
2016-05-18,,1120,93320,121,170465,51948402,28015704,44803
2016-05-19,,1471,104291,151,170680,52052693,28064888,49184
2016-05-20,,2349,118192,184,170960,52170885,28117432,52544
2016-05-21,,2174,72663,138,171147,52243548,28147956,30524
2016-05-22,,3159,98270,131,171349,52341818,28185760,37804
2016-05-23,,1549,109072,177,171680,52450890,28234338,48578
2016-05-24,,696,68156,98,171898,52519046,28269137,34799
2016-05-25,,1702,125803,191,172154,52644849,28322578,53441
2016-05-26,,1646,124751,195,172386,52769600,28374712,52134
2016-05-27,,1988,106768,221,172638,52876368,28421655,46943
2016-05-28,,3634,95897,296,172831,52972265,28455888,34233
2016-05-29,,4820,114069,161,173090,53086334,28492769,36881
2016-05-30,,2782,94241,134,173422,53180575,28525396,32627
2016-05-31,,1492,106059,212,174137,53286634,28575170,49774
2016-06-01,,1513,127143,156,174344,53413777,28629832,54662
2016-06-02,,1649,124918,162,174516,53538695,28684233,54401
2016-06-03,,1023,85292,118,174633,53623987,28723208,38975
2016-06-04,,3824,107610,159,174797,53731597,28764181,40973
2016-06-05,,1133,54320,57,174912,53785917,28786576,22395
2016-06-06,,1861,123879,208,175118,53909796,28838706,52130
2016-06-07,,1331,114761,127,175293,54024557,28890467,51761
2016-06-08,,673,89460,74,175420,54114017,28932530,42063
2016-06-09,,1556,127585,168,175557,54241602,28985415,52885
2016-06-10,,2022,119143,207,175697,54360745,29038650,53235
2016-06-11,,3432,111784,126,175901,54472529,29079630,40980
2016-06-12,,3335,117814,173,176087,54590343,29120266,40636
2016-06-13,,1364,110720,200,176273,54701063,29169335,49069
2016-06-14,,1471,116030,153,176467,54817093,29224148,54813
2016-06-15,,1524,122197,154,176711,54939290,29279197,55049
2016-06-16,,1104,100175,144,176865,55039465,29325395,46198
2016-06-17,,2677,121671,155,177053,55161136,29379631,54236
2016-06-18,,6432,143869,158,177210,55305005,29428532,48901
2016-06-19,,5555,137558,151,177370,55442563,29473802,45270
2016-06-20,,1488,119765,211,177660,55562328,29526049,52247
2016-06-21,,1331,116215,144,177895,55678543,29579613,53564
2016-06-22,,1476,119611,157,178168,55798154,29635362,55749
2016-06-23,,1253,115262,160,178354,55913416,29688568,53206
2016-06-24,,2142,123440,224,178545,56036856,29742754,54186
2016-06-25,,4069,123815,176,178715,56160671,29785754,43000
2016-06-26,,3784,117472,156,178893,56278143,29828746,42992
2016-06-27,,1400,100253,164,179061,56378396,29875769,47023
2016-06-28,,1099,99918,114,179215,56478314,29925362,49593
2016-06-29,,1402,114793,128,179403,56593107,29980244,54882
2016-06-30,,1571,125575,141,179625,56718682,30035087,54843
2016-07-01,,1316,82871,139,179756,56801553,30074752,39665
2016-07-02,,3596,111151,314,179903,56912704,30110587,35835
2016-07-03,,4095,111116,169,180016,57023820,30145934,35347
2016-07-04,,3826,109745,155,180158,57133565,30180793,34859
2016-07-05,,1357,92107,160,180338,57225672,30224529,43736
2016-07-06,,1288,109240,153,180540,57334912,30275865,51336
2016-07-07,,1255,99975,113,180725,57434887,30324589,48724
2016-07-08,,1258,91632,152,180852,57526519,30368989,44400
2016-07-09,,2844,107359,145,180990,57633878,30407127,38138
2016-07-10,,3280,123282,137,181172,57757160,30449112,41985
2016-07-11,,1440,122260,211,181381,57879420,30501965,52853
2016-07-12,,1472,120414,192,181571,57999834,30558480,56515
2016-07-13,,1510,121029,146,181748,58120863,30613951,55471
2016-07-14,,1326,108541,126,181877,58229404,30664296,50345
2016-07-15,,1709,104701,173,182016,58334105,30712854,48558
2016-07-16,,3281,103429,122,182144,58437534,30751259,38405
2016-07-17,,3440,120635,153,182314,58558169,30792605,41346
2016-07-18,,1062,97216,154,182488,58655385,30836286,43681
2016-07-19,,1498,116806,139,182624,58772191,30890873,54587
2016-07-20,,1601,128799,158,182792,58900990,30948086,57213
2016-07-21,,1553,128476,161,182950,59029466,31002918,54832
2016-07-22,,1701,105666,176,183072,59135132,31052103,49185
2016-07-23,,2932,101810,138,183177,59236942,31089625,37522
2016-07-24,,2966,113680,114,183332,59350622,31129259,39634
2016-07-25,,920,85145,150,183473,59435767,31164635,35376
2016-07-26,,1385,108783,168,183595,59544550,31217539,52904
2016-07-27,,1403,115744,132,183731,59660294,31271687,54148
2016-07-28,,1292,98694,123,183846,59758988,31321821,50134
2016-07-29,,1441,81355,162,183937,59840343,31359514,37693
2016-07-30,,2242,72197,112,184039,59912540,31387294,27780
2016-07-31,,1641,70377,82,184157,59982917,31414945,27651
2016-08-01,,1359,101134,166,184325,60084051,31464340,49395
2016-08-02,,1636,116187,181,184558,60200238,31521084,56744
2016-08-03,,1827,118370,143,184766,60318608,31578076,56992
2016-08-04,,1778,118563,148,184960,60437171,31634663,56587
2016-08-05,,2012,116534,185,185186,60553705,31687949,53286
2016-08-06,,4159,125188,153,185436,60678893,31732158,44209
2016-08-07,,3856,116183,149,185682,60795076,31775789,43631
2016-08-08,,1753,115847,184,185956,60910923,31828040,52251
2016-08-09,,1701,114892,165,186223,61025815,31884141,56101
2016-08-10,,1158,101761,109,186401,61127576,31934241,50100
2016-08-11,,1238,93639,152,186596,61221215,31981661,47420
2016-08-12,,1467,90685,144,186771,61311900,32026390,44729
2016-08-13,,3333,100035,125,186990,61411935,32065293,38903
2016-08-14,,2154,74055,91,187173,61485990,32098254,32961
2016-08-15,,1417,107305,175,187394,61593295,32147310,49056
2016-08-16,,1295,103010,164,187601,61696305,32197721,50411
2016-08-17,,1430,113583,138,187820,61809888,32251704,53983
2016-08-18,,1459,115041,163,187998,61924929,32304913,53209
2016-08-19,,1862,110723,175,188186,62035652,32356571,51658
2016-08-20,,4385,138864,167,188499,62174516,32402379,45808
2016-08-21,,2664,96941,127,188725,62271457,32437420,35041
2016-08-22,,1679,118995,192,188996,62390452,32491621,54201
2016-08-23,,1675,127012,170,189297,62517464,32550286,58665
2016-08-24,,1597,127066,160,189577,62644530,32608420,58134
2016-08-25,,1436,111985,169,189856,62756515,32661900,53480
2016-08-26,,1878,112005,197,190156,62868520,32713926,52026
2016-08-27,,3767,120578,173,190480,62989098,32759599,45673
2016-08-28,,3560,121056,159,190844,63110154,32804238,44639
2016-08-29,,1530,115101,174,191255,63225255,32857517,53279
2016-08-30,,1510,121098,160,191713,63346353,32914909,57392
2016-08-31,,1320,118815,136,192380,63465168,32972109,57200
2016-09-01,,714,77415,104,192592,63542583,33010283,38174
2016-09-02,,2314,126790,252,192814,63669373,33063282,52999
2016-09-03,,4009,117476,268,193055,63786849,33104911,41629
2016-09-04,,5467,140347,185,193326,63927196,33150931,46020
2016-09-05,,3778,118022,190,193677,64045218,33196362,45431
2016-09-06,,1018,108743,178,194065,64153961,33248794,52432
2016-09-07,,1328,130391,199,194396,64284352,33309072,60278
2016-09-08,,1511,130259,179,194674,64414611,33370623,61551
2016-09-09,,1582,118213,178,194908,64532824,33427427,56804
2016-09-10,,3549,127252,229,195189,64660076,33475881,48454
2016-09-11,,3572,136353,216,195499,64796429,33528119,52238
2016-09-12,,1620,127447,225,195832,64923876,33589202,61083
2016-09-13,,1462,135366,198,196122,65059242,33654020,64818
2016-09-14,,1369,121511,157,196388,65180753,33712948,58928
2016-09-15,,1612,140436,240,196637,65321189,33780260,67312
2016-09-16,,2047,145454,225,196886,65466643,33845517,65257
2016-09-17,,5117,154037,210,197163,65620680,33904716,59199
2016-09-18,,3191,131788,159,197449,65752468,33956401,51685
2016-09-19,,555,67180,101,197620,65819648,33990606,34205
2016-09-20,,1454,135085,200,197880,65954733,34055487,64881
2016-09-21,,1566,142356,182,198118,66097089,34120940,65453
2016-09-22,,1681,146370,207,198363,66243459,34188702,67762
2016-09-23,,2053,142458,248,198577,66385917,34254201,65499
2016-09-24,,3990,137355,212,198827,66523272,34307459,53258
2016-09-25,,3871,143312,169,199198,66666584,34361022,53563
2016-09-26,,1375,128011,170,199480,66794595,34422142,61120
2016-09-27,,1175,122347,150,199739,66916942,34483476,61334
2016-09-28,,931,120072,107,199989,67037014,34542932,59456
2016-09-29,,808,104364,131,200201,67141378,34598482,55550
2016-09-30,,175,45194,20,200447,67186572,34619850,21368
2016-10-01,,2017,91771,133,200544,67278343,34659659,39809
2016-10-02,,2147,100425,119,200664,67378768,34700677,41018
2016-10-03,,1514,116682,183,200829,67495450,34757046,56369
2016-10-04,,1035,123551,144,200954,67619001,34817242,60196
2016-10-05,,1240,126942,160,201115,67745943,34882273,65031
2016-10-06,,1580,137567,205,201234,67883510,34949853,67580
2016-10-07,,2398,142612,222,201369,68026122,35015734,65881
2016-10-08,,2002,86818,160,201485,68112940,35050358,34624
2016-10-09,,713,46334,56,201539,68159274,35072045,21687
2016-10-10,,2013,107487,163,201664,68266761,35124293,52248
2016-10-11,,1172,113228,142,201761,68379989,35183047,58754
2016-10-12,,1170,119851,153,201880,68499840,35240544,57497
2016-10-13,,1064,117523,168,201984,68617363,35301753,61209
2016-10-14,,1592,123000,183,202090,68740363,35362314,60561
2016-10-15,,3904,138233,207,202215,68878596,35414305,51991
2016-10-16,,3195,126550,172,202343,69005146,35463171,48866
2016-10-17,,1447,132131,236,202502,69137277,35525820,62649
2016-10-18,,1656,143635,194,202653,69280912,35594044,68224
2016-10-19,,1902,145347,164,202772,69426259,35663802,69758
2016-10-20,,1377,131686,198,202893,69557945,35727470,63668
2016-10-21,,724,80787,102,202960,69638732,35768335,40865
2016-10-22,,658,55557,45,203019,69694289,35793636,25301
2016-10-23,,2616,99878,134,203137,69794167,35835098,41462
2016-10-24,,1145,106893,146,203269,69901060,35890352,55254
2016-10-25,,716,96848,102,203349,69997908,35943019,52667
2016-10-26,,809,103870,85,203410,70101778,35995485,52466
2016-10-27,,101,39660,23,203449,70141438,36016539,21054
2016-10-28,,766,89857,111,203492,70231295,36062772,46233
2016-10-29,,2615,103274,153,203579,70334569,36105285,42513
2016-10-30,,2971,107572,114,203697,70442141,36143045,37760
2016-10-31,,1090,107875,123,203787,70550016,36193116,50071
2016-11-01,,868,110056,105,203888,70660072,36249060,55944
2016-11-02,,1242,133258,141,203993,70793330,36311193,62133
2016-11-03,,943,124673,174,204108,70918003,36370825,59632
2016-11-04,,1538,126507,207,204195,71044510,36428692,57867
2016-11-05,,3416,128639,177,204301,71173149,36477379,48687
2016-11-06,,2293,104186,97,204428,71277335,36516792,39413
2016-11-07,,972,106484,119,204520,71383819,36566675,49883
2016-11-08,,1137,123718,107,204616,71507537,36623264,56589
2016-11-09,,257,75883,40,204660,71583420,36661314,38050
2016-11-10,,813,111472,139,204728,71694892,36712177,50863
2016-11-11,,1248,105021,165,204802,71799913,36758003,45826
2016-11-12,,1916,86968,114,204865,71886881,36792667,34664
2016-11-13,,2076,95679,95,204958,71982560,36829473,36806
2016-11-14,,728,113590,97,205034,72096150,36878283,48810
2016-11-15,,105,48797,16,205073,72144947,36901167,22884
2016-11-16,,703,107831,113,205170,72252778,36954495,53328
2016-11-17,,711,109418,106,205231,72362196,37008384,53889
2016-11-18,,1051,109802,125,205286,72471998,37061754,53370
2016-11-19,,2272,98021,87,205376,72570019,37102962,41208
2016-11-20,,350,45772,34,205407,72615791,37123578,20616
2016-11-21,,148,69754,38,205449,72685545,37156542,32964
2016-11-22,,290,72592,35,205479,72758137,37193265,36723
2016-11-23,,481,73005,56,205501,72831142,37227727,34462
2016-11-24,,641,42343,73,205518,72873485,37239849,12122
2016-11-25,,1011,62444,67,205545,72935929,37260829,20980
2016-11-26,,1356,65654,44,205572,73001583,37284639,23810
2016-11-27,,945,74381,31,205607,73075964,37308715,24076
2016-11-28,,485,83300,42,205667,73159264,37350801,42086
2016-11-29,,48,30989,9,205696,73190253,37365385,14584
2016-11-30,,117,52424,10,205729,73242677,37389819,24434
2016-12-01,,389,90239,58,205762,73332916,37433053,43233
2016-12-02,,440,89092,52,205794,73422008,37475411,42358
2016-12-03,,854,70853,58,205824,73492861,37505264,29853
2016-12-04,,930,71729,28,205857,73564590,37532718,27454
2016-12-05,,278,80214,38,205897,73644804,37568645,35927
2016-12-06,,228,67187,26,205939,73711991,37601970,33325
2016-12-07,,270,76605,18,205967,73788596,37639980,38010
2016-12-08,,235,72219,23,205998,73860815,37679601,39621
2016-12-09,,214,63950,31,206021,73924765,37713141,33540
2016-12-10,,490,52716,20,206033,73977481,37735520,22379
2016-12-11,,287,41740,6,206049,74019221,37753318,17798
2016-12-12,,175,58701,14,206066,74077922,37782353,29035
2016-12-13,,299,68858,21,206090,74146780,37821376,39023
2016-12-14,,257,71798,16,206130,74218578,37859175,37799
2016-12-15,,80,45840,13,206145,74264418,37884177,25002
2016-12-16,,139,48288,11,206171,74312706,37908661,24484
2016-12-17,,36,22363,7,206176,74335069,37915654,6993
2016-12-18,,168,38459,14,206200,74373528,37931949,16295
2016-12-19,,119,50405,12,206225,74423933,37957597,25648
2016-12-20,,202,50408,22,206250,74474341,37985274,27677
2016-12-21,,244,55746,20,206270,74530087,38015885,30611
2016-12-22,,302,56441,18,206293,74586528,38046759,30874
2016-12-23,,399,53318,27,206320,74639846,38073094,26335
2016-12-24,,147,28033,10,206334,74667879,38081108,8014
2016-12-25,,1052,38209,43,206369,74706088,38091027,9919
2016-12-26,,315,32446,27,206400,74738534,38101801,10774
2016-12-27,,960,61379,68,206450,74799913,38127747,25946
2016-12-28,,619,52937,38,206476,74852850,38151343,23596
2016-12-29,,104,29631,8,206503,74882481,38164545,13202
2016-12-30,,641,45743,49,206543,74928224,38185911,21366
2016-12-31,,798,46810,33,206585,74975034,38201836,15925
